-- phpMyAdmin SQL Dump
-- version 5.2.1
-- https://www.phpmyadmin.net/
--
-- Servidor: 127.0.0.1
-- Tiempo de generación: 10-06-2025 a las 17:12:40
-- Versión del servidor: 10.4.32-MariaDB
-- Versión de PHP: 8.0.30

SET SQL_MODE = "NO_AUTO_VALUE_ON_ZERO";
START TRANSACTION;
SET time_zone = "+00:00";


/*!40101 SET @OLD_CHARACTER_SET_CLIENT=@@CHARACTER_SET_CLIENT */;
/*!40101 SET @OLD_CHARACTER_SET_RESULTS=@@CHARACTER_SET_RESULTS */;
/*!40101 SET @OLD_COLLATION_CONNECTION=@@COLLATION_CONNECTION */;
/*!40101 SET NAMES utf8mb4 */;

--
-- Base de datos: `breakout_db`
--
CREATE DATABASE IF NOT EXISTS `breakout_db` DEFAULT CHARACTER SET utf8mb4 COLLATE utf8mb4_unicode_ci;
USE `breakout_db`;

-- Primero eliminamos las tablas en orden (las que tienen foreign keys primero)
DROP TABLE IF EXISTS ratings;
DROP TABLE IF EXISTS comments;
DROP TABLE IF EXISTS user_fav_listings;
DROP TABLE IF EXISTS listing_tags;
DROP TABLE IF EXISTS listing_images;
DROP TABLE IF EXISTS player;
DROP TABLE IF EXISTS listings;
DROP TABLE IF EXISTS users;

-- Ahora creamos las tablas con los tipos exactos y el mismo engine/charset
CREATE TABLE users (
    id BIGINT UNSIGNED AUTO_INCREMENT PRIMARY KEY,
    user_name VARCHAR(50) NOT NULL UNIQUE,
    email VARCHAR(100) UNIQUE,
    password VARCHAR(255),
    profile_pic VARCHAR(255),
    role VARCHAR(20),
    created_at DATETIME
) ENGINE=InnoDB DEFAULT CHARSET=utf8mb4 COLLATE=utf8mb4_general_ci;

CREATE TABLE listings (
    id BIGINT UNSIGNED AUTO_INCREMENT PRIMARY KEY,
    title VARCHAR(100),
    description VARCHAR(500),
    user_name VARCHAR(50),
    official_url VARCHAR(255) NOT NULL,
    video VARCHAR(255),
    rating DOUBLE,
    user_id BIGINT UNSIGNED,
    created_at DATETIME,
    updated_at DATETIME,
    FOREIGN KEY (user_id) REFERENCES users(id) ON DELETE CASCADE
) ENGINE=InnoDB DEFAULT CHARSET=utf8mb4 COLLATE=utf8mb4_general_ci;

CREATE TABLE user_fav_listings (
    user_id BIGINT UNSIGNED NOT NULL,
    fav_listings BIGINT UNSIGNED NOT NULL,
    PRIMARY KEY (user_id, fav_listings),
    FOREIGN KEY (user_id) REFERENCES users(id) ON DELETE CASCADE,
    FOREIGN KEY (fav_listings) REFERENCES listings(id) ON DELETE CASCADE
) ENGINE=InnoDB DEFAULT CHARSET=utf8mb4 COLLATE=utf8mb4_general_ci;

CREATE TABLE listing_images (
    id BIGINT UNSIGNED AUTO_INCREMENT PRIMARY KEY,
    listing_id BIGINT UNSIGNED NOT NULL,
    image_url VARCHAR(255) NOT NULL,
    FOREIGN KEY (listing_id) REFERENCES listings(id) ON DELETE CASCADE
) ENGINE=InnoDB DEFAULT CHARSET=utf8mb4 COLLATE=utf8mb4_general_ci;

CREATE TABLE listing_tags (
    listing_id BIGINT UNSIGNED NOT NULL,
    tag VARCHAR(50) NOT NULL,
    PRIMARY KEY (listing_id, tag),
    FOREIGN KEY (listing_id) REFERENCES listings(id) ON DELETE CASCADE
) ENGINE=InnoDB DEFAULT CHARSET=utf8mb4 COLLATE=utf8mb4_general_ci;

CREATE TABLE comments (
    id BIGINT UNSIGNED AUTO_INCREMENT PRIMARY KEY,
    user_name VARCHAR(50),
    title VARCHAR(250),
    text TEXT,
    created_at DATETIME,
    user_id BIGINT UNSIGNED,
    listing_id BIGINT UNSIGNED,
    FOREIGN KEY (user_id) REFERENCES users(id) ON DELETE CASCADE,
    FOREIGN KEY (listing_id) REFERENCES listings(id) ON DELETE CASCADE
) ENGINE=InnoDB DEFAULT CHARSET=utf8mb4 COLLATE=utf8mb4_general_ci;

CREATE TABLE player (
    id BIGINT UNSIGNED AUTO_INCREMENT PRIMARY KEY,
    user_name VARCHAR(50),
    user_id BIGINT UNSIGNED,
    score INT,
    destroyed_blocks INT,
    date_game DATETIME,
    FOREIGN KEY (user_id) REFERENCES users(id) ON DELETE CASCADE
) ENGINE=InnoDB DEFAULT CHARSET=utf8mb4 COLLATE=utf8mb4_general_ci;

CREATE TABLE ratings (
    id BIGINT UNSIGNED AUTO_INCREMENT PRIMARY KEY,
    rating DOUBLE,
    user_id BIGINT UNSIGNED,
    listing_id BIGINT UNSIGNED,
    FOREIGN KEY (user_id) REFERENCES users(id) ON DELETE CASCADE,
    FOREIGN KEY (listing_id) REFERENCES listings(id) ON DELETE CASCADE
) ENGINE=InnoDB DEFAULT CHARSET=utf8mb4 COLLATE=utf8mb4_general_ci;

-- --------------------------------------------------------

--
-- Estructura de tabla para la tabla `comments`
--

--
-- Volcado de datos para la tabla `comments`

INSERT INTO `users` (`id`, `user_name`, `email`, `password`, `profile_pic`, `role`, `created_at`) VALUES
(1, 'alex', 'alex@example.com', 'secret', 'default.png', 'USER', '2025-06-09 00:17:36'),
(2, 'sophie', 'sophie@example.com', 'secret', 'default.png', 'USER', '2025-06-09 00:17:36'),
(3, 'daniel', 'daniel@example.com', 'secret', 'default.png', 'USER', '2025-06-09 00:17:36'),
(4, 'jordan', 'jordan@example.com', 'secret', 'default.png', 'USER', '2025-06-09 00:17:36'),
(5, 'taylor', 'taylor@example.com', 'secret', 'default.png', 'USER', '2025-06-09 00:17:36'),
(6, 'mia', 'mia@example.com', 'secret', 'default.png', 'USER', '2025-06-09 00:17:36'),
(7, 'ethan', 'ethan@example.com', 'secret', 'default.png', 'USER', '2025-06-09 00:17:36'),
(8, 'grace', 'grace@example.com', 'secret', 'default.png', 'USER', '2025-06-09 00:17:36'),
(9, 'olivia', 'olivia@example.com', 'secret', 'default.png', 'USER', '2025-06-09 00:17:36'),
(10, 'henry', 'henry@example.com', 'secret', 'default.png', 'USER', '2025-06-09 00:17:36'),
(11, 'Alex Accounts', 'aarcos664@gmail.com', '$2a$10$uuLRH9q9uNXHlqG1VXoMQOEz6tXV1TfJ/eu9p6ZTIYHwccTlpsTwq', 'default.png', 'USER', NULL);
--

INSERT INTO listings (id, title, description, user_name, official_url, video, rating, user_id, created_at, updated_at) VALUES
(1, 'Nightmare Kart: The Old Karts', 'An upcoming free expansion to Nightmare Kart with a brand new mini-campaign, racers, karts, tracks, power-ups, and game modes.', 'alex', 'https://store.steampowered.com/app/nightmare-kart', 'https://i.ytimg.com/vi/MeyYsPcYU8s/hqdefault.jpg', 1.7, 1, '2024-11-22 23:57:54', '2025-05-28 23:57:54'),
(2, 'The Undying Beast', 'There was a flash of light, a choir of glass, and the sound of sirens approaching. Then for what seemed like eternity, a black hollow void. Suddenly you found yourself within a new plane. Dead trees and fog is all that surrounds you. You hear no birds or ', 'alex', 'https://store.steampowered.com/app/undying-beast', '', 4.4, 1, '2024-11-29 23:57:54', '2025-05-29 23:57:54'),
(3, 'Sengoku Anthology', 'Sengoku Anthology is a collection of the three games from SNK\'s Sengoku arcade franchise including Sengoku (1991), Sengoku 2 (1993), and Sengoku 3 (2001). In addition to being able to play the classic arcade games on the PC and PS2, players can unlock ar', 'sophie', 'https://store.steampowered.com/app/sengoku-anthology', '', 3.4, 2, '2024-11-11 23:57:55', '2025-06-09 23:57:55'),
(4, 'Rockman X: New Year 2023', 'A small hack to celebrate the Chinese New Year 2023, Year of the Rabbit.', 'henry', 'https://store.steampowered.com/app/rockman-x', '', 4.7, 3, '2025-03-27 23:57:55', '2025-05-31 23:57:55'),
(5, 'Ace wo Nerae!', 'A tennis game for the Super Famicom based on the 1970s manga and anime of the same name.', 'mia', 'https://store.steampowered.com/app/ace-wo-nerae', 'https://i.ytimg.com/vi/QQvVD6IuwYQ/hqdefault.jpg', 4.9, 6, '2024-11-26 23:57:55', '2025-05-25 23:57:55'),
(6, 'Mario Kart Tour: Vancouver Tour', '', 'daniel', 'https://store.steampowered.com/app/mario-kart-tour', '', 2.4, 3, '2024-11-03 23:57:55', '2025-05-19 23:57:55'),
(7, 'Microsoft Flight Simulator X: Steam Edition - Cessna C208B Grand Caravan', 'Developed by Carenado, the FSX: Steam Edition rendition of the Cessna C208B Grand Caravan is a hugely detailed and accurate aircraft. It comes in seven paint schemes, features accurate flight dynamics and realistic instruments including autopilot, custom ', 'daniel', 'https://store.steampowered.com/app/microsoft-flight-simulator', '', 4.9, 3, '2024-07-03 23:57:56', '2025-05-28 23:57:56'),
(8, 'Everlasting Tower', 'Escape a fiery death by climbing this tower for as long as you can.\n\nA simple randomly-generated vertical platformer with a retro feel. See for how long you can endure the everlasting tower.\n\nHas 4 difficulty levels and local high-scores.', 'sophie', 'https://store.steampowered.com/app/everlasting-tower', 'https://i.ytimg.com/vi/714YvWDV_mI/hqdefault.jpg', 2.8, 2, '2024-10-09 23:57:56', '2025-05-13 23:57:56'),
(9, 'Godshard Chronicles', 'Godshard Chronicles is a top-down action RPG based in the world of the Godshard novels with music by famed composer Noriyuki Iwadare. Inspired by titles such as The Legend of Zelda, Grandia, and the Mana series. Fight in action-packed battles, explore a s', 'henry', 'https://store.steampowered.com/app/godshard-chronicles', '', 2.7, 3, '2025-01-28 23:57:56', '2025-06-09 23:57:56'),
(10, 'Bomb Squad Academy', 'Save the world one wire at a time with Bomb Squad Academy, a puzzle game where you have to defuse bombs under a time constraint.', 'sophie', 'https://store.steampowered.com/app/bomb-squad-academy', 'https://i.ytimg.com/vi/fC1r4BXS6YE/hqdefault.jpg', 4.8, 2, '2024-07-20 23:57:56', '2025-05-24 23:57:56'),
(11, 'Steel Salvo', 'Pilot a hulking mech and protect Triton from robot hordes. With the help of your team, vanquish the robot overlord!  \nExperience super-fast FPS mecha action in this short but challenging single-player game!', 'mia', 'https://store.steampowered.com/app/steel-salvo', 'https://i.ytimg.com/vi/oQidN4hYPhk/hqdefault.jpg', 2.9, 6, '2024-07-02 23:57:57', '2025-06-07 23:57:57'),
(12, 'Sexy Memory Puzzle: Gay Pool', '', 'grace', 'https://store.steampowered.com/app/sexy-memory-puzzle', '', 1.5, 8, '2024-09-29 23:57:57', '2025-05-22 23:57:57'),
(13, 'Madison VR', 'Madison VR now plunges you even deeper into its immersive and terrifying world. With the utilization of an instant camera in your virtual hands, bridge the gap between our world and the unknown. Snap photos, develop them by yourself to solve puzzles, expl', 'henry', 'https://store.steampowered.com/app/madison-vr', 'https://i.ytimg.com/vi/k4ZjQe-Fn9o/hqdefault.jpg', 2.7, 3, '2024-11-30 23:57:57', '2025-06-09 23:57:57'),
(14, 'Killer Instinct: Anniversary Edition', 'The 10th Anniversary Update brings with it two versions of KI:\n\nThe Killer Instinct Base Game will be FREE TO PLAY on all platforms: Xbox consoles (One, Series X|S), Windows PC, and Steam. The free KI base game will feature one free weekly rotating Fighte', 'alex', 'https://store.steampowered.com/app/killer-instinct', 'https://i.ytimg.com/vi/j95W6ac0Pz0/hqdefault.jpg', 3.2, 1, '2024-11-24 23:57:57', '2025-05-12 23:57:57'),
(15, 'Data Loss', 'Corporations suck!! Money\'Surance Corp especially sucks, so you\'re taking it upon yourself to hack the Money\'Surance Corp Tower, steal money from the higher ups, and erase the debts of everyone subject to its monopoly.', 'alex', 'https://store.steampowered.com/app/data-loss', '', 2.3, 1, '2024-07-05 23:57:58', '2025-06-06 23:57:58'),
(16, 'Chowder: Rump-A-Thump', 'Chowder is helping Mung Daal with three different items, thumpster,cutterfly,and spinzle with his rump(end). There are different foods for you to get for the orders. There are lots of hazards for you to dodge,avoid,and keep away.', 'alex', 'https://store.steampowered.com/app/chowder-rump-a-thump', 'https://i.ytimg.com/vi/1pkb-f6tZK8/hqdefault.jpg', 4.3, 1, '2025-03-02 23:57:58', '2025-05-24 23:57:58'),
(17, 'Hunter Hitman', 'Hunt or be hunted. Execute stealth kills and survive in this action-packed assassin game.', 'henry', 'https://store.steampowered.com/app/hunter-hitman', '', 4, 3, '2025-06-08 23:57:58', '2025-05-18 23:57:58'),
(18, 'Merge Games Horror Bundle', 'What do dark Nordic fables, intergalactic cruises and Lovecraftian gore all have in common? Gruesome, gory and ghoulish monsters! Dive into the horror-themed worlds of Bramble: The Mountain King, Morbid: The Seven Acolytes and Quantum Error.', 'alex', 'https://store.steampowered.com/bundle/merge-games-horror', '', 4.9, 1, '2024-07-02 23:57:58', '2025-05-27 23:57:58'),
(19, 'Flashy Maze', '', 'taylor', 'https://store.steampowered.com/app/flashy-maze', '', 2.6, 5, '2025-02-25 23:57:59', '2025-06-01 23:57:59'),
(20, 'Wubble Bubbles', '', 'sophie', 'https://store.steampowered.com/app/wubble-bubbles', '', 1.5, 2, '2024-11-16 23:57:59', '2025-06-01 23:57:59'),
(21, 'Mortal Kombat', 'Mortal Kombat is a side-scrolling fighting game. Fighting is set as one-on-one combat, allowing each player to perform a variety of punches, kicks, and special moves in order to defeat their opponent. When the opponent faces their second round loss, the w', 'daniel', 'https://store.steampowered.com/app/mortal-kombat', 'https://i.ytimg.com/vi/BOCS56eWljU/hqdefault.jpg', 4.8, 3, '2025-01-11 23:57:59', '2025-05-29 23:57:59'),
(22, 'Giant Mario Bros.', 'This hack will make Mario and Luigi huge, twice their size.\n\nThe levels remain basically the same, but some changes have been made to accommodate the resizing of the player.', 'olivia', 'https://store.steampowered.com/app/giant-mario-bros', '', 4.9, 4, '2025-04-01 23:57:59', '2025-06-03 23:57:59'),
(23, 'Soul Rush', '', 'taylor', 'https://store.steampowered.com/app/soul-rush', '', 1.6, 5, '2025-02-23 23:58:00', '2025-05-24 23:58:00'),
(24, 'The Tomb of Corruption', 'Explore procedurally generated dungeons and slash hordes of monsters in THE TOMB OF CORRUPTION! - A 3D action RPG with rogue-lite elements. Fully customize your melee and ranged weapon with hundreds of upgrades, unlock skills, upgrade your armor and get r', 'grace', 'https://store.steampowered.com/app/tomb-of-corruption', 'https://i.ytimg.com/vi/GiwZD2KHHI4/hqdefault.jpg', 2.6, 8, '2024-12-16 23:58:00', '2025-05-14 23:58:00'),
(25, 'Haunt the House: Terrortown', 'A side-scrolling action puzzle game starring ghosts! Leave the dusty halls of an abandoned clock tower to haunt your way through a town in the dead of night! Possess objects with your ghostly soul, to scare people away from a museum, a hospital, a theatre', 'mia', 'https://store.steampowered.com/app/haunt-the-house-terrortown', 'https://i.ytimg.com/vi/Bboxbt5eBqQ/hqdefault.jpg', 77.7, 6, '2025-01-23 23:58:00', '2025-05-15 23:58:00'),
(26, 'Dark Castle', 'The Genesis port of Dark Castle features colored graphics, and music during gameplay.', 'alex', 'https://store.steampowered.com/app/dark-castle', 'https://i.ytimg.com/vi/lpJrvAhTiOw/hqdefault.jpg', 4.1, 1, '2025-04-29 23:58:00', '2025-05-15 23:58:00'),
(27, 'Mortal Kombat HD Arcade Kollection', 'Before the announcement of Mortal Kombat: Arcade Kollection, different online stores started listing Mortal Kombat HD: Arcade Kollection. It was supposed to be a HD remake of the first three Mortal Kombat games.', 'mia', 'https://store.steampowered.com/app/mortal-kombat-hd-arcade-kollection', '', 4.2, 6, '2024-07-02 23:58:00', '2025-05-27 23:58:00'),
(28, 'Mortal Kombat 1', 'Discover a reborn Mortal Kombat Universe created by the Fire God Liu Kang featuring reimagined versions of iconic characters as you\'ve never seen them before, with an all new fighting system, game modes, bone krushing moves and fatalities!', 'jordan', 'https://store.steampowered.com/app/mortal-kombat-1', '', 4.1, 4, '2024-07-02 23:58:01', '2025-05-27 23:58:01'),
(29, 'Mortal Kombat 1 - Kombat Pack', 'The Kombat Pack includes:\n- 6 new playable characters\n- 5 new Kameo Fighters\n- 1 week early access to all DLC characters', 'grace', 'https://store.steampowered.com/app/mortal-kombat-1-kombat-pack', '', 4.2, 8, '2024-07-02 23:58:01', '2025-05-27 23:58:01'),
(30, 'Banners of Ruin: Iris', 'Iris is a new playable character for Banners of Ruin. She brings with her a new set of cards, new mechanics, and a unique playstyle.', 'sophie', 'https://store.steampowered.com/app/banners-of-ruin-iris', '', 4.2, 2, '2024-07-02 23:58:01', '2025-05-27 23:58:01'),
(31, 'Naruto x Boruto: Ninja Tribes', 'Naruto x Boruto: Ninja Tribes is based on the popular Naruto and Boruto anime series and brings together fan-favorite characters spanning multiple generations of both franchises for one-tap team-based battles.\n\nA turn-based RPG being developed by Bandai N', 'taylor', 'https://store.steampowered.com/app/naruto-boruto-ninja-tribes', '', 4.3, 5, '2024-07-05 23:58:02', '2025-05-30 23:58:02'),
(32, 'Maid for Loving You', 'Average guy Yuuma suddenly finds his boring life becoming way more exciting when he encounters a mysterious woman named Eve. Join him as he discovers the joys of having a live-in maid in this heartwarming visual novel.', 'alex', 'https://store.steampowered.com/app/maid-for-loving-you', '', 4.6, 1, '2024-08-28 23:58:02', '2025-05-12 23:58:02'),
(33, 'Tom Clancy\'s Ghost Recon: Wildlands - The Peruvian Connection', 'Travel to the high mountains of Bolivia to break the deadly alliance between the Santa Blanca and the Peruvian cartels.', 'ethan', 'https://store.steampowered.com/app/ghost-recon-wildlands-peruvian', '', 3.6, 7, '2024-12-31 23:58:02', '2025-05-17 23:58:02'),
(34, 'Sesame Street Mecha Builders', 'Embark on exciting adventures with Mecha Elmo, Cookie Monster, and Abby Cadabby! Explore science, engineering, creativity, and math through engaging games and activities designed for kids aged 2-6. Endless fun and learning await!', 'alex', 'https://store.steampowered.com/app/sesame-street-mecha-builders', 'https://i.ytimg.com/vi/Y6rT_pYzmVc/hqdefault.jpg', 3.8, 1, '2024-11-02 23:58:02', '2025-05-24 23:58:02'),
(35, 'LocoRoco Cocoreccho', 'LocoRoco Cocoreccho! (or Oideyo LocoRoco!! BuuBuu Cocoreccho! (おいでよロコロコ！！ BuuBuu Cocoreccho!?), in Japan, meaning \"LocoRoco Come On Over(!)! BuuBuu Cocoreccho!\") is a video game in the LocoRoco series released on the PlayStation Network for PlayStation 3 ', 'alex', 'https://store.steampowered.com/app/locoroco-cocoreccho', 'https://i.ytimg.com/vi/Q7ta-dYOdPk/hqdefault.jpg', 1.7, 1, '2024-11-12 23:58:03', '2025-06-07 23:58:03'),
(36, 'Sixtar Gate: Startrail - Flower & Destiny Pack', 'Meet Flower & Destiny: the first DLC of Sixtar Gate: Startrail! This DLC contains 10 new songs and a new original theme.', 'grace', 'https://store.steampowered.com/app/sixtar-gate-startrail-flower-destiny', '', 4.7, 8, '2024-09-02 23:58:03', '2025-05-30 23:58:03'),
(37, 'Blackguards', 'What happens when the only hope of a threatened world lies not with heroes in shining armor, but in the hands of a band of misfits and criminals? Blackguards, a new turn-based strategy RPG, explores this very question. You will discover over 180 unique he', 'olivia', 'https://store.steampowered.com/app/blackguards', 'https://i.ytimg.com/vi/5l4YIPm4vF4/hqdefault.jpg', 64.1, 4, '2024-08-24 23:58:03', '2025-05-21 23:58:03'),
(38, 'Doodle Champs', 'Doodle Champs is the ultimate experience for artists and doodlers alike! Play an exciting assortment of doodle-tastic party games with endless replayability, or just draw on a shared online canvas with your pals!', 'alex', 'https://store.steampowered.com/app/doodle-champs', '', 1.3, 1, '2024-09-07 23:58:03', '2025-05-31 23:58:03'),
(39, 'Phones Not Allowed', 'A game about a teacher who confiscates phones from students.', 'mia', 'https://store.steampowered.com/app/phones-not-allowed', '', 3.2, 6, '2024-11-14 23:58:04', '2025-05-30 23:58:04'),
(40, 'Soulstice: Deluxe Edition', 'Soulstice invites players to uncover the dark truth of the Chimera, a hybrid warrior born of two souls. Briar and Lute are sisters who have been reborn as a Chimera. The transformation has granted Briar superhuman strength and resilience, while Lute, who', 'alex', 'https://store.steampowered.com/app/soulstice', 'https://i.ytimg.com/vi/714YvWDV_mI/hqdefault.jpg', 4.1, 1, '2024-11-14 23:58:04', '2025-05-30 23:58:04'),
(41, 'Soulstice: Digital Artbook', 'Explore the dark fantasy world of Soulstice through this collection of exclusive artwork. Discover character concepts, environments, weapons, and more!', 'ethan', 'https://store.steampowered.com/app/soulstice-artbook', '', 3.8, 7, '2024-11-14 23:58:04', '2025-05-30 23:58:04'),
(42, 'Soulstice: Digital Soundtrack', 'Experience the haunting melodies and epic battle themes of Soulstice with the complete digital soundtrack.', 'daniel', 'https://store.steampowered.com/app/soulstice-soundtrack', '', 4.2, 3, '2024-11-14 23:58:04', '2025-05-30 23:58:04'),
(43, 'NextDoor', 'A horror game where you must survive the night in your apartment while something lurks next door.', 'sophie', 'https://store.steampowered.com/app/nextdoor', '', 4.3, 2, '2024-11-14 23:58:04', '2025-05-30 23:58:04'),
(44, 'One Last Breath', 'A 2,5D adventure set in a world in which almost no life is left you will play as Gaia, a being born from nature\'s last wish with power to influence the surrounding nature in order to face a dark world while being chased by strange creatures.', 'alex', 'https://store.steampowered.com/app/one-last-breath', 'https://i.ytimg.com/vi/jtJ6FfQwSg8/hqdefault.jpg', 1.9, 1, '2024-10-04 23:58:05', '2025-05-28 23:58:05'),
(45, 'Crossroad OS', 'Crossʀoad OS is a single-player adventure where you solve puzzles, meet strange creatures and explore a sacred operating system created as a junction between the human and spirit world.', 'sophie', 'https://store.steampowered.com/app/crossroad-os', 'https://i.ytimg.com/vi/AOamEViUUSg/hqdefault.jpg', 1.4, 2, '2024-10-17 23:58:05', '2025-05-15 23:58:05'),
(46, 'Hentai Tales: Saimin Kouhai', 'One day, in the club room, the protagonist downloaded a hypnosis app for some reason. Everything starts to change when the protagonist starts making jokes about it on Miyagami Yui. What will happen there?', 'alex', 'https://store.steampowered.com/app/hentai-tales-saimin-kouhai', '', 1.6, 1, '2025-03-17 23:58:05', '2025-05-25 23:58:05'),
(47, 'My Hero Academia: The Strongest Hero', 'The game is an open-world action RPG set in the My Hero Academia universe. The game features a decked out story mode where players can build their own fighting teams and take on classic villains like Shigaraki and Nomu.', 'olivia', 'https://store.steampowered.com/app/my-hero-academia-strongest-hero', 'https://i.ytimg.com/vi/f2tnChLs13A/hqdefault.jpg', 1.1, 4, '2024-12-11 23:58:06', '2025-05-24 23:58:06'),
(48, 'Kimi ga Ita Kisetsu', '', 'alex', 'https://store.steampowered.com/app/kimi-ga-ita-kisetsu', 'https://i.ytimg.com/vi/pNG6GJZ46y8/hqdefault.jpg', 2.1, 1, '2025-05-09 23:58:06', '2025-06-06 23:58:06'),
(49, 'Qube Qross', 'Qube Qross is a challenging and logical puzzle game, like Nonogram in 3D. The puzzles can be solved by the hints of numbers in the left and right sides of walls, players need to get where and how many cubes are located, by the intersection of numbers from', 'ethan', 'https://store.steampowered.com/app/qube-qross', 'https://i.ytimg.com/vi/56GgewObkUs/hqdefault.jpg', 1.1, 7, '2025-05-12 23:58:06', '2025-06-05 23:58:06'),
(50, 'Graveyard Keeper: Game of Crone', 'You\'ll have to help the escaped prisoners of the Inquisition survive in the wilderness by providing them with everything they need. To develop their camp to a fortified settlement while keeping in mind its benefits. To protect those who entrusted you with', 'mia', 'https://store.steampowered.com/app/graveyard-keeper-game-of-crone', 'https://i.ytimg.com/vi/ueemNvZcU8A/hqdefault.jpg', 6.6, 6, '2025-01-27 23:58:06', '2025-05-29 23:58:06');


INSERT INTO `comments` (`id`, `listing_id`, `user_id`, `user_name`, `title`, `text`, `created_at`) VALUES
(1, 1, 6, 'sophie', 'Great Game!', 'Amazing gameplay and visuals!', '2025-03-25 23:57:54'),
(2, 1, 10, 'mia', 'Great Game!', 'Amazing gameplay and visuals!', '2025-06-07 23:57:54'),
(3, 1, 10, 'daniel', 'Great Game!', 'The world feels immersive!', '2025-05-29 23:57:54'),
(4, 1, 6, 'grace', 'Great Game!', 'Great multiplayer fun.', '2025-05-29 23:57:54'),
(5, 2, 6, 'jordan', 'Great Game!', 'Amazing gameplay and visuals!', '2025-06-01 23:57:54'),
(6, 2, 8, 'sophie', 'Great Game!', 'Great multiplayer fun.', '2025-04-16 23:57:54'),
(7, 2, 2, 'grace', 'Great Game!', 'Loved the new tracks, very creative.', '2025-04-05 23:57:54'),
(8, 2, 6, 'daniel', 'Great Game!', 'Great multiplayer fun.', '2025-05-08 23:57:54'),
(9, 2, 9, 'sophie', 'Great Game!', 'Amazing gameplay and visuals!', '2025-04-13 23:57:54'),
(10, 2, 2, 'daniel', 'Great Game!', 'The world feels immersive!', '2025-06-08 23:57:54'),
(11, 3, 6, 'grace', 'Great Game!', 'Power-ups feel balanced and fun.', '2025-06-09 23:57:55'),
(12, 3, 4, 'grace', 'Great Game!', 'Amazing gameplay and visuals!', '2025-03-25 23:57:55'),
(13, 3, 11, 'ethan', 'Great Game!', 'Amazing gameplay and visuals!', '2025-04-25 23:57:55'),
(14, 3, 6, 'taylor', 'Great Game!', 'Loved the new tracks, very creative.', '2025-04-26 23:57:55'),
(15, 4, 6, 'mia', 'Great Game!', 'Amazing gameplay and visuals!', '2025-05-30 23:57:55'),
(16, 4, 5, 'sophie', 'Great Game!', 'Loved the new tracks, very creative.', '2025-05-22 23:57:55'),
(17, 4, 9, 'Alex Accounts', 'Great Game!', 'Great multiplayer fun.', '2025-04-01 23:57:55'),
(18, 4, 6, 'alex', 'Great Game!', 'The world feels immersive!', '2025-03-21 23:57:55'),
(19, 4, 3, 'taylor', 'Great Game!', 'Loved the new tracks, very creative.', '2025-04-10 23:57:55'),
(20, 5, 8, 'taylor', 'Great Game!', 'Great multiplayer fun.', '2025-05-22 23:57:55'),
(21, 5, 8, 'jordan', 'Great Game!', 'Power-ups feel balanced and fun.', '2025-03-21 23:57:55'),
(22, 5, 5, 'olivia', 'Great Game!', 'Great multiplayer fun.', '2025-05-21 23:57:55'),
(23, 5, 9, 'Alex Accounts', 'Great Game!', 'Power-ups feel balanced and fun.', '2025-03-13 23:57:55'),
(24, 5, 10, 'taylor', 'Great Game!', 'The world feels immersive!', '2025-03-26 23:57:55'),
(25, 5, 7, 'mia', 'Great Game!', 'Power-ups feel balanced and fun.', '2025-04-17 23:57:55'),
(26, 6, 9, 'mia', 'Great Game!', 'Loved the new tracks, very creative.', '2025-06-05 23:57:55'),
(27, 6, 4, 'jordan', 'Great Game!', 'Power-ups feel balanced and fun.', '2025-04-20 23:57:55'),
(28, 6, 1, 'jordan', 'Great Game!', 'Loved the new tracks, very creative.', '2025-06-08 23:57:55'),
(29, 6, 8, 'jordan', 'Great Game!', 'Amazing gameplay and visuals!', '2025-04-10 23:57:55'),
(30, 6, 11, 'alex', 'Great Game!', 'Power-ups feel balanced and fun.', '2025-05-13 23:57:55'),
(31, 7, 8, 'olivia', 'Great Game!', 'Great multiplayer fun.', '2025-04-03 23:57:56'),
(32, 7, 8, 'alex', 'Great Game!', 'Great multiplayer fun.', '2025-05-22 23:57:56'),
(33, 7, 8, 'sophie', 'Great Game!', 'Power-ups feel balanced and fun.', '2025-05-14 23:57:56'),
(34, 7, 4, 'Alex Accounts', 'Great Game!', 'Great multiplayer fun.', '2025-03-23 23:57:56'),
(35, 7, 7, 'grace', 'Great Game!', 'The world feels immersive!', '2025-06-01 23:57:56'),
(36, 7, 9, 'taylor', 'Great Game!', 'Loved the new tracks, very creative.', '2025-05-27 23:57:56'),
(37, 8, 4, 'grace', 'Great Game!', 'Loved the new tracks, very creative.', '2025-06-08 23:57:56'),
(38, 8, 4, 'taylor', 'Great Game!', 'The world feels immersive!', '2025-06-03 23:57:56'),
(39, 8, 8, 'henry', 'Great Game!', 'Loved the new tracks, very creative.', '2025-04-14 23:57:56'),
(40, 8, 10, 'jordan', 'Great Game!', 'Loved the new tracks, very creative.', '2025-05-11 23:57:56'),
(41, 9, 11, 'alex', 'Great Game!', 'Great multiplayer fun.', '2025-05-19 23:57:56'),
(42, 9, 5, 'daniel', 'Great Game!', 'Power-ups feel balanced and fun.', '2025-03-22 23:57:56'),
(43, 9, 4, 'alex', 'Great Game!', 'Great multiplayer fun.', '2025-04-29 23:57:56'),
(44, 9, 3, 'olivia', 'Great Game!', 'Power-ups feel balanced and fun.', '2025-04-02 23:57:56'),
(45, 9, 8, 'Alex Accounts', 'Great Game!', 'Great multiplayer fun.', '2025-04-28 23:57:56'),
(46, 9, 3, 'ethan', 'Great Game!', 'Power-ups feel balanced and fun.', '2025-04-04 23:57:56'),
(47, 10, 5, 'taylor', 'Great Game!', 'Power-ups feel balanced and fun.', '2025-04-09 23:57:56'),
(48, 10, 5, 'olivia', 'Great Game!', 'Loved the new tracks, very creative.', '2025-03-25 23:57:56'),
(49, 10, 9, 'jordan', 'Great Game!', 'The world feels immersive!', '2025-04-08 23:57:56'),
(50, 10, 3, 'mia', 'Great Game!', 'The world feels immersive!', '2025-04-11 23:57:56'),
(51, 10, 5, 'daniel', 'Great Game!', 'Great multiplayer fun.', '2025-05-31 23:57:56'),
(52, 10, 4, 'ethan', 'Great Game!', 'Loved the new tracks, very creative.', '2025-03-27 23:57:56'),
(53, 11, 8, 'taylor', 'Great Game!', 'The world feels immersive!', '2025-04-08 23:57:57'),
(54, 11, 8, 'olivia', 'Great Game!', 'The world feels immersive!', '2025-04-16 23:57:57'),
(55, 11, 8, 'daniel', 'Great Game!', 'Loved the new tracks, very creative.', '2025-05-20 23:57:57'),
(56, 11, 1, 'alex', 'Great Game!', 'The world feels immersive!', '2025-05-17 23:57:57'),
(62, 12, 7, 'taylor', 'Great Game!', 'Loved the new tracks, very creative.', '2025-04-22 23:57:57'),
(63, 12, 5, 'ethan', 'Great Game!', 'Great multiplayer fun.', '2025-04-06 23:57:57'),
(64, 12, 11, 'taylor', 'Great Game!', 'Loved the new tracks, very creative.', '2025-03-27 23:57:57'),
(65, 12, 2, 'ethan', 'Great Game!', 'Amazing gameplay and visuals!', '2025-05-28 23:57:57'),
(66, 12, 2, 'henry', 'Great Game!', 'Power-ups feel balanced and fun.', '2025-03-24 23:57:57'),
(69, 13, 11, 'sophie', 'Great Game!', 'Amazing gameplay and visuals!', '2025-04-06 23:57:57'),
(70, 13, 1, 'taylor', 'Great Game!', 'Loved the new tracks, very creative.', '2025-04-10 23:57:57'),
(71, 13, 1, 'alex', 'Great Game!', 'Power-ups feel balanced and fun.', '2025-03-21 23:57:57'),
(72, 13, 9, 'daniel', 'Great Game!', 'Amazing gameplay and visuals!', '2025-04-11 23:57:57'),
(73, 13, 10, 'sophie', 'Great Game!', 'Amazing gameplay and visuals!', '2025-04-12 23:57:57'),
(75, 14, 2, 'sophie', 'Great Game!', 'Power-ups feel balanced and fun.', '2025-03-30 23:57:57'),
(76, 14, 8, 'daniel', 'Great Game!', 'Great multiplayer fun.', '2025-06-04 23:57:57'),
(77, 14, 11, 'sophie', 'Great Game!', 'Great multiplayer fun.', '2025-06-04 23:57:57'),
(78, 14, 3, 'ethan', 'Great Game!', 'The world feels immersive!', '2025-04-30 23:57:57'),
(79, 14, 3, 'taylor', 'Great Game!', 'Power-ups feel balanced and fun.', '2025-05-15 23:57:57'),
(80, 14, 10, 'taylor', 'Great Game!', 'Amazing gameplay and visuals!', '2025-03-24 23:57:57'),
(81, 15, 9, 'taylor', 'Great Game!', 'The world feels immersive!', '2025-04-12 23:57:58'),
(82, 15, 11, 'grace', 'Great Game!', 'Loved the new tracks, very creative.', '2025-06-04 23:57:58'),
(83, 15, 10, 'sophie', 'Great Game!', 'Great multiplayer fun.', '2025-05-14 23:57:58'),
(84, 15, 8, 'Alex Accounts', 'Great Game!', 'The world feels immersive!', '2025-05-21 23:57:58'),
(85, 15, 9, 'taylor', 'Great Game!', 'Great multiplayer fun.', '2025-04-03 23:57:58'),
(86, 15, 8, 'Alex Accounts', 'Great Game!', 'Power-ups feel balanced and fun.', '2025-05-21 23:57:58'),
(91, 16, 7, 'Alex Accounts', 'Great Game!', 'Great multiplayer fun.', '2025-03-22 23:57:58'),
(92, 16, 4, 'grace', 'Great Game!', 'Loved the new tracks, very creative.', '2025-04-29 23:57:58'),
(93, 16, 2, 'henry', 'Great Game!', 'The world feels immersive!', '2025-05-21 23:57:58'),
(94, 16, 10, 'olivia', 'Great Game!', 'Great multiplayer fun.', '2025-05-15 23:57:58'),
(95, 16, 1, 'olivia', 'Great Game!', 'Power-ups feel balanced and fun.', '2025-05-14 23:57:58'),
(96, 16, 2, 'olivia', 'Great Game!', 'Great multiplayer fun.', '2025-03-18 23:57:58'),
(103, 17, 6, 'daniel', 'Great Game!', 'Great multiplayer fun.', '2025-05-20 23:57:58'),
(104, 17, 9, 'Alex Accounts', 'Great Game!', 'Great multiplayer fun.', '2025-03-11 23:57:58'),
(105, 17, 2, 'henry', 'Great Game!', 'Loved the new tracks, very creative.', '2025-05-26 23:57:58'),
(106, 17, 2, 'olivia', 'Great Game!', 'Amazing gameplay and visuals!', '2025-04-17 23:57:58'),
(107, 17, 7, 'olivia', 'Great Game!', 'Amazing gameplay and visuals!', '2025-04-07 23:57:58'),
(108, 17, 7, 'olivia', 'Great Game!', 'Power-ups feel balanced and fun.', '2025-04-30 23:57:58'),
(109, 18, 10, 'Alex Accounts', 'Great Game!', 'Loved the new tracks, very creative.', '2025-04-12 23:57:58'),
(111, 18, 5, 'daniel', 'Great Game!', 'Loved the new tracks, very creative.', '2025-04-15 23:57:58'),
(112, 18, 3, 'sophie', 'Great Game!', 'The world feels immersive!', '2025-05-10 23:57:58'),
(113, 18, 9, 'alex', 'Great Game!', 'Amazing gameplay and visuals!', '2025-05-22 23:57:58'),
(114, 18, 11, 'alex', 'Great Game!', 'Loved the new tracks, very creative.', '2025-05-12 23:57:58'),
(116, 19, 4, 'alex', 'Great Game!', 'The world feels immersive!', '2025-03-16 23:57:59'),
(117, 19, 11, 'daniel', 'Great Game!', 'Great multiplayer fun.', '2025-05-01 23:57:59'),
(118, 19, 11, 'ethan', 'Great Game!', 'Power-ups feel balanced and fun.', '2025-04-07 23:57:59'),
(119, 19, 5, 'ethan', 'Great Game!', 'Amazing gameplay and visuals!', '2025-04-28 23:57:59'),
(120, 19, 1, 'olivia', 'Great Game!', 'Great multiplayer fun.', '2025-03-16 23:57:59'),
(121, 19, 1, 'mia', 'Great Game!', 'Loved the new tracks, very creative.', '2025-04-22 23:57:59'),
(122, 20, 1, 'alex', 'Great Game!', 'Loved the new tracks, very creative.', '2025-05-25 23:57:59'),
(123, 20, 3, 'sophie', 'Great Game!', 'Loved the new tracks, very creative.', '2025-03-14 23:57:59'),
(124, 20, 5, 'ethan', 'Great Game!', 'Power-ups feel balanced and fun.', '2025-04-23 23:57:59'),
(125, 20, 4, 'mia', 'Great Game!', 'Loved the new tracks, very creative.', '2025-04-09 23:57:59'),
(126, 20, 1, 'sophie', 'Great Game!', 'Great multiplayer fun.', '2025-06-07 23:57:59'),
(127, 21, 5, 'sophie', 'Great Game!', 'Great multiplayer fun.', '2025-03-15 23:57:59'),
(128, 21, 7, 'ethan', 'Great Game!', 'Great multiplayer fun.', '2025-03-17 23:57:59'),
(129, 21, 2, 'olivia', 'Great Game!', 'Great multiplayer fun.', '2025-06-04 23:57:59'),
(130, 21, 2, 'Alex Accounts', 'Great Game!', 'Great multiplayer fun.', '2025-04-05 23:57:59'),
(131, 22, 2, 'alex', 'Great Game!', 'Great multiplayer fun.', '2025-05-24 23:57:59'),
(132, 22, 1, 'olivia', 'Great Game!', 'Power-ups feel balanced and fun.', '2025-05-15 23:57:59'),
(133, 22, 9, 'daniel', 'Great Game!', 'Amazing gameplay and visuals!', '2025-03-11 23:57:59'),
(134, 22, 1, 'alex', 'Great Game!', 'The world feels immersive!', '2025-06-03 23:57:59'),
(143, 23, 9, 'grace', 'Great Game!', 'Loved the new tracks, very creative.', '2025-06-09 23:58:00'),
(144, 23, 9, 'taylor', 'Great Game!', 'Power-ups feel balanced and fun.', '2025-04-07 23:58:00'),
(145, 23, 3, 'daniel', 'Great Game!', 'Loved the new tracks, very creative.', '2025-03-27 23:58:00'),
(146, 23, 3, 'henry', 'Great Game!', 'Power-ups feel balanced and fun.', '2025-05-11 23:58:00'),
(151, 24, 11, 'alex', 'Great Game!', 'Amazing gameplay and visuals!', '2025-05-16 23:58:00'),
(152, 24, 5, 'henry', 'Great Game!', 'Amazing gameplay and visuals!', '2025-05-04 23:58:00'),
(153, 24, 7, 'jordan', 'Great Game!', 'Power-ups feel balanced and fun.', '2025-05-08 23:58:00'),
(154, 24, 8, 'olivia', 'Great Game!', 'The world feels immersive!', '2025-05-13 23:58:00'),
(155, 24, 7, 'ethan', 'Great Game!', 'Amazing gameplay and visuals!', '2025-03-30 23:58:00'),
(156, 25, 4, 'henry', 'Great Game!', 'Loved the new tracks, very creative.', '2025-04-15 23:58:00'),
(157, 25, 6, 'daniel', 'Great Game!', 'Amazing gameplay and visuals!', '2025-04-11 23:58:00'),
(158, 25, 10, 'alex', 'Great Game!', 'The world feels immersive!', '2025-04-10 23:58:00'),
(159, 25, 9, 'taylor', 'Great Game!', 'Power-ups feel balanced and fun.', '2025-04-26 23:58:00'),
(163, 26, 11, 'sophie', 'Great Game!', 'Power-ups feel balanced and fun.', '2025-05-02 23:58:00'),
(164, 26, 1, 'olivia', 'Great Game!', 'Great multiplayer fun.', '2025-04-29 23:58:00'),
(165, 26, 6, 'ethan', 'Great Game!', 'Amazing gameplay and visuals!', '2025-05-25 23:58:00'),
(166, 26, 4, 'ethan', 'Great Game!', 'The world feels immersive!', '2025-03-13 23:58:00'),
(167, 26, 10, 'daniel', 'Great Game!', 'Amazing gameplay and visuals!', '2025-04-11 23:58:00'),
(168, 27, 1, 'jordan', 'Great Game!', 'The world feels immersive!', '2025-04-04 23:58:01'),
(169, 27, 1, 'henry', 'Great Game!', 'Power-ups feel balanced and fun.', '2025-05-02 23:58:01'),
(170, 27, 1, 'taylor', 'Great Game!', 'Power-ups feel balanced and fun.', '2025-04-05 23:58:01'),
(171, 27, 4, 'olivia', 'Great Game!', 'Loved the new tracks, very creative.', '2025-04-16 23:58:01'),
(172, 27, 9, 'taylor', 'Great Game!', 'Power-ups feel balanced and fun.', '2025-04-02 23:58:01'),
(173, 28, 1, 'jordan', 'Great Game!', 'Loved the new tracks, very creative.', '2025-05-11 23:58:01'),
(174, 28, 1, 'olivia', 'Great Game!', 'The world feels immersive!', '2025-05-23 23:58:01'),
(175, 28, 2, 'grace', 'Great Game!', 'Amazing gameplay and visuals!', '2025-05-13 23:58:01'),
(176, 28, 6, 'mia', 'Great Game!', 'Loved the new tracks, very creative.', '2025-04-15 23:58:01'),
(177, 28, 3, 'Alex Accounts', 'Great Game!', 'Loved the new tracks, very creative.', '2025-05-01 23:58:01'),
(300, 31, 4, 'Alex Accounts', 'Great Game!', 'Great multiplayer fun.', '2025-03-12 23:58:02'),
(301, 31, 1, 'taylor', 'Great Game!', 'The world feels immersive!', '2025-06-08 23:58:02'),
(302, 31, 7, 'mia', 'Great Game!', 'Loved the new tracks, very creative.', '2025-06-06 23:58:02'),
(303, 31, 7, 'grace', 'Great Game!', 'Great multiplayer fun.', '2025-03-14 23:58:02'),
(304, 31, 3, 'ethan', 'Great Game!', 'The world feels immersive!', '2025-06-05 23:58:02'),
(305, 31, 7, 'ethan', 'Great Game!', 'Power-ups feel balanced and fun.', '2025-03-14 23:58:02'),
(306, 32, 8, 'grace', 'Great Game!', 'Loved the new tracks, very creative.', '2025-06-08 23:58:02'),
(307, 32, 4, 'jordan', 'Great Game!', 'Amazing gameplay and visuals!', '2025-05-20 23:58:02'),
(308, 32, 5, 'alex', 'Great Game!', 'Great multiplayer fun.', '2025-03-11 23:58:02'),
(309, 32, 7, 'alex', 'Great Game!', 'Amazing gameplay and visuals!', '2025-05-05 23:58:02'),
(310, 32, 8, 'Alex Accounts', 'Great Game!', 'The world feels immersive!', '2025-06-01 23:58:02'),
(311, 32, 1, 'jordan', 'Great Game!', 'Power-ups feel balanced and fun.', '2025-03-26 23:58:02'),
(312, 33, 1, 'taylor', 'Great Game!', 'The world feels immersive!', '2025-05-13 23:58:02'),
(313, 33, 4, 'taylor', 'Great Game!', 'The world feels immersive!', '2025-04-19 23:58:02'),
(314, 33, 5, 'henry', 'Great Game!', 'Amazing gameplay and visuals!', '2025-04-04 23:58:02'),
(315, 33, 3, 'daniel', 'Great Game!', 'Amazing gameplay and visuals!', '2025-04-02 23:58:02'),
(316, 33, 7, 'daniel', 'Great Game!', 'The world feels immersive!', '2025-05-06 23:58:02'),
(317, 34, 2, 'Alex Accounts', 'Great Game!', 'Great multiplayer fun.', '2025-04-26 23:58:02'),
(318, 34, 6, 'ethan', 'Great Game!', 'Amazing gameplay and visuals!', '2025-04-03 23:58:02'),
(319, 34, 11, 'henry', 'Great Game!', 'The world feels immersive!', '2025-04-26 23:58:02'),
(320, 34, 9, 'jordan', 'Great Game!', 'Amazing gameplay and visuals!', '2025-05-04 23:58:02'),
(321, 34, 7, 'mia', 'Great Game!', 'Great multiplayer fun.', '2025-05-21 23:58:02'),
(322, 35, 7, 'jordan', 'Great Game!', 'Power-ups feel balanced and fun.', '2025-03-17 23:58:03'),
(323, 35, 5, 'alex', 'Great Game!', 'Power-ups feel balanced and fun.', '2025-05-03 23:58:03'),
(324, 35, 3, 'grace', 'Great Game!', 'Loved the new tracks, very creative.', '2025-03-24 23:58:03'),
(325, 35, 4, 'mia', 'Great Game!', 'Amazing gameplay and visuals!', '2025-04-19 23:58:03'),
(326, 35, 7, 'ethan', 'Great Game!', 'Power-ups feel balanced and fun.', '2025-04-03 23:58:03'),
(327, 35, 5, 'ethan', 'Great Game!', 'Loved the new tracks, very creative.', '2025-03-23 23:58:03'),
(328, 36, 3, 'olivia', 'Great Game!', 'The world feels immersive!', '2025-04-27 23:58:03'),
(329, 36, 7, 'grace', 'Great Game!', 'Loved the new tracks, very creative.', '2025-03-27 23:58:03'),
(330, 36, 10, 'alex', 'Great Game!', 'Amazing gameplay and visuals!', '2025-06-04 23:58:03'),
(331, 36, 2, 'grace', 'Great Game!', 'Great multiplayer fun.', '2025-04-15 23:58:03'),
(332, 36, 7, 'mia', 'Great Game!', 'Great multiplayer fun.', '2025-04-15 23:58:03'),
(333, 37, 2, 'Alex Accounts', 'Great Game!', 'Great multiplayer fun.', '2025-05-27 23:58:03'),
(334, 37, 9, 'henry', 'Great Game!', 'The world feels immersive!', '2025-04-24 23:58:03'),
(335, 37, 9, 'alex', 'Great Game!', 'Great multiplayer fun.', '2025-04-02 23:58:03'),
(336, 37, 4, 'ethan', 'Great Game!', 'The world feels immersive!', '2025-05-18 23:58:03'),
(337, 37, 5, 'ethan', 'Great Game!', 'Power-ups feel balanced and fun.', '2025-05-12 23:58:03'),
(338, 37, 11, 'henry', 'Great Game!', 'Great multiplayer fun.', '2025-06-05 23:58:03'),
(339, 38, 7, 'ethan', 'Great Game!', 'Power-ups feel balanced and fun.', '2025-03-15 23:58:03'),
(340, 38, 3, 'grace', 'Great Game!', 'Power-ups feel balanced and fun.', '2025-04-24 23:58:03'),
(341, 38, 9, 'jordan', 'Great Game!', 'Loved the new tracks, very creative.', '2025-04-17 23:58:03'),
(342, 38, 8, 'jordan', 'Great Game!', 'Great multiplayer fun.', '2025-05-05 23:58:03'),
(343, 38, 2, 'jordan', 'Great Game!', 'Great multiplayer fun.', '2025-04-06 23:58:03'),
(344, 43, 10, 'henry', 'Great Game!', 'Great multiplayer fun.', '2025-05-04 23:58:05'),
(345, 43, 6, 'daniel', 'Great Game!', 'Power-ups feel balanced and fun.', '2025-04-18 23:58:05'),
(346, 43, 7, 'olivia', 'Great Game!', 'Great multiplayer fun.', '2025-05-28 23:58:05'),
(347, 43, 9, 'sophie', 'Great Game!', 'Great multiplayer fun.', '2025-04-28 23:58:05'),
(348, 43, 6, 'olivia', 'Great Game!', 'The world feels immersive!', '2025-04-01 23:58:05'),
(349, 43, 2, 'jordan', 'Great Game!', 'Amazing gameplay and visuals!', '2025-05-28 23:58:05'),
(350, 44, 2, 'jordan', 'Great Game!', 'Amazing gameplay and visuals!', '2025-05-21 23:58:05'),
(351, 44, 8, 'ethan', 'Great Game!', 'Amazing gameplay and visuals!', '2025-03-16 23:58:05'),
(352, 44, 5, 'daniel', 'Great Game!', 'Great multiplayer fun.', '2025-04-27 23:58:05'),
(353, 44, 11, 'taylor', 'Great Game!', 'The world feels immersive!', '2025-03-22 23:58:05'),
(354, 44, 2, 'sophie', 'Great Game!', 'Power-ups feel balanced and fun.', '2025-03-23 23:58:05'),
(355, 44, 9, 'jordan', 'Great Game!', 'The world feels immersive!', '2025-06-06 23:58:05'),
(356, 45, 8, 'taylor', 'Great Game!', 'Amazing gameplay and visuals!', '2025-04-28 23:58:05'),
(357, 45, 3, 'grace', 'Great Game!', 'Amazing gameplay and visuals!', '2025-04-07 23:58:05'),
(358, 45, 4, 'olivia', 'Great Game!', 'Amazing gameplay and visuals!', '2025-05-15 23:58:05'),
(359, 45, 3, 'grace', 'Great Game!', 'Power-ups feel balanced and fun.', '2025-05-23 23:58:05'),
(360, 45, 10, 'sophie', 'Great Game!', 'Amazing gameplay and visuals!', '2025-03-24 23:58:05'),
(361, 46, 3, 'taylor', 'Great Game!', 'Power-ups feel balanced and fun.', '2025-05-25 23:58:05'),
(362, 46, 5, 'jordan', 'Great Game!', 'Power-ups feel balanced and fun.', '2025-05-22 23:58:05'),
(363, 46, 1, 'henry', 'Great Game!', 'Great multiplayer fun.', '2025-04-18 23:58:05'),
(364, 46, 9, 'grace', 'Great Game!', 'Loved the new tracks, very creative.', '2025-05-19 23:58:05'),
(365, 46, 4, 'henry', 'Great Game!', 'Loved the new tracks, very creative.', '2025-04-09 23:58:05'),
(366, 46, 10, 'ethan', 'Great Game!', 'Great multiplayer fun.', '2025-04-13 23:58:05'),
(367, 47, 2, 'alex', 'Great Game!', 'The world feels immersive!', '2025-04-22 23:58:06'),
(368, 47, 7, 'mia', 'Great Game!', 'The world feels immersive!', '2025-03-16 23:58:06'),
(369, 47, 11, 'sophie', 'Great Game!', 'Power-ups feel balanced and fun.', '2025-04-14 23:58:06'),
(370, 47, 1, 'sophie', 'Great Game!', 'Loved the new tracks, very creative.', '2025-05-09 23:58:06'),
(371, 47, 8, 'grace', 'Great Game!', 'Loved the new tracks, very creative.', '2025-05-03 23:58:06'),
(372, 48, 5, 'olivia', 'Great Game!', 'Power-ups feel balanced and fun.', '2025-04-10 23:58:06'),
(373, 48, 6, 'Alex Accounts', 'Great Game!', 'Power-ups feel balanced and fun.', '2025-04-11 23:58:06'),
(374, 48, 2, 'ethan', 'Great Game!', 'Power-ups feel balanced and fun.', '2025-05-25 23:58:06'),
(375, 48, 4, 'mia', 'Great Game!', 'The world feels immersive!', '2025-05-19 23:58:06'),
(376, 48, 8, 'taylor', 'Great Game!', 'The world feels immersive!', '2025-04-15 23:58:06'),
(377, 49, 1, 'henry', 'Great Game!', 'Great multiplayer fun.', '2025-05-08 23:58:06'),
(378, 49, 1, 'jordan', 'Great Game!', 'Amazing gameplay and visuals!', '2025-06-05 23:58:06'),
(379, 49, 9, 'ethan', 'Great Game!', 'Great multiplayer fun.', '2025-04-10 23:58:06'),
(380, 49, 9, 'mia', 'Great Game!', 'The world feels immersive!', '2025-05-06 23:58:06'),
(381, 49, 6, 'grace', 'Great Game!', 'Amazing gameplay and visuals!', '2025-04-15 23:58:06'),
(382, 50, 8, 'henry', 'Great Game!', 'Loved the new tracks, very creative.', '2025-04-04 23:58:06'),
(383, 50, 3, 'sophie', 'Great Game!', 'Amazing gameplay and visuals!', '2025-05-10 23:58:06'),
(384, 50, 11, 'grace', 'Great Game!', 'Loved the new tracks, very creative.', '2025-04-30 23:58:06'),
(385, 50, 9, 'Alex Accounts', 'Great Game!', 'Amazing gameplay and visuals!', '2025-05-08 23:58:06'),
(386, 50, 3, 'henry', 'Great Game!', 'The world feels immersive!', '2025-06-03 23:58:06'),
(387, 50, 10, 'daniel', 'Great Game!', 'The world feels immersive!', '2025-03-17 23:58:06');

-- --------------------------------------------------------

--
-- Estructura de tabla para la tabla `listings`
--



--
-- Volcado de datos para la tabla `listings`
--


-- --------------------------------------------------------

--
-- Estructura de tabla para la tabla `listing_images`
--


--
-- Volcado de datos para la tabla `listing_images`
--

INSERT INTO `listing_images` (`id`, `listing_id`, `image_url`) VALUES
(1, 1, 'https://images.igdb.com/igdb/image/upload/t_cover_big/co9d8y.jpg'),
(2, 1, 'https://images.igdb.com/igdb/image/upload/t_720p/scv9xd.jpg'),
(3, 1, 'https://images.igdb.com/igdb/image/upload/t_720p/scv9xe.jpg'),
(4, 1, 'https://images.igdb.com/igdb/image/upload/t_720p/scv9xh.jpg'),
(5, 1, 'https://images.igdb.com/igdb/image/upload/t_720p/scv9xf.jpg'),
(6, 1, 'https://images.igdb.com/igdb/image/upload/t_720p/scv9xg.jpg'),
(7, 2, 'https://images.igdb.com/igdb/image/upload/t_cover_big/co5hwv.jpg'),
(8, 2, 'https://images.igdb.com/igdb/image/upload/t_720p/scebrt.jpg'),
(9, 2, 'https://images.igdb.com/igdb/image/upload/t_720p/scebru.jpg'),
(10, 2, 'https://images.igdb.com/igdb/image/upload/t_720p/scebrv.jpg'),
(11, 3, 'https://images.igdb.com/igdb/image/upload/t_cover_big/bvbun2zofisapzrjlk71.jpg'),
(12, 3, 'https://images.igdb.com/igdb/image/upload/t_720p/bvbun2zofisapzrjlk71_1.jpg'),
(13, 3, 'https://images.igdb.com/igdb/image/upload/t_720p/bvbun2zofisapzrjlk71_2.jpg'),
(14, 4, 'https://images.igdb.com/igdb/image/upload/t_cover_big/co7lie.jpg'),
(15, 4, 'https://images.igdb.com/igdb/image/upload/t_720p/co7lie_1.jpg'),
(16, 4, 'https://images.igdb.com/igdb/image/upload/t_720p/co7lie_2.jpg'),
(17, 5, 'https://images.igdb.com/igdb/image/upload/t_cover_big/co2kux.jpg'),
(18, 5, 'https://images.igdb.com/igdb/image/upload/t_720p/sc8rt5.jpg'),
(19, 5, 'https://images.igdb.com/igdb/image/upload/t_720p/sc8rt4.jpg'),
(20, 5, 'https://images.igdb.com/igdb/image/upload/t_720p/sc8rt3.jpg'),
(21, 6, 'https://images.igdb.com/igdb/image/upload/t_cover_big/co9mk2.jpg'),
(22, 6, 'https://images.igdb.com/igdb/image/upload/t_720p/co9mk2_1.jpg'),
(23, 6, 'https://images.igdb.com/igdb/image/upload/t_720p/co9mk2_2.jpg'),
(24, 7, 'https://images.igdb.com/igdb/image/upload/t_cover_big/co85tp.jpg'),
(25, 7, 'https://images.igdb.com/igdb/image/upload/t_720p/scbknb.jpg'),
(26, 7, 'https://images.igdb.com/igdb/image/upload/t_720p/scbko7.jpg'),
(27, 7, 'https://images.igdb.com/igdb/image/upload/t_720p/scbko3.jpg'),
(28, 7, 'https://images.igdb.com/igdb/image/upload/t_720p/scbkny.jpg'),
(29, 7, 'https://images.igdb.com/igdb/image/upload/t_720p/scbknv.jpg'),
(30, 7, 'https://images.igdb.com/igdb/image/upload/t_720p/scbknz.jpg'),
(31, 8, 'https://images.igdb.com/igdb/image/upload/t_cover_big/co9jbc.jpg'),
(32, 8, 'https://images.igdb.com/igdb/image/upload/t_720p/scvr95.jpg'),
(33, 8, 'https://images.igdb.com/igdb/image/upload/t_720p/scvr96.jpg'),
(34, 8, 'https://images.igdb.com/igdb/image/upload/t_720p/scvr97.jpg'),
(35, 9, 'https://images.igdb.com/igdb/image/upload/t_cover_big/co5dqj.jpg'),
(36, 9, 'https://images.igdb.com/igdb/image/upload/t_720p/scfl0y.jpg'),
(37, 9, 'https://images.igdb.com/igdb/image/upload/t_720p/scfl10.jpg'),
(38, 9, 'https://images.igdb.com/igdb/image/upload/t_720p/scfl11.jpg'),
(39, 9, 'https://images.igdb.com/igdb/image/upload/t_720p/scfl14.jpg'),
(40, 9, 'https://images.igdb.com/igdb/image/upload/t_720p/scfl15.jpg'),
(41, 10, 'https://images.igdb.com/igdb/image/upload/t_cover_big/co2332.jpg'),
(42, 10, 'https://images.igdb.com/igdb/image/upload/t_720p/m1ooqqlvh1nczznuueck.jpg'),
(43, 10, 'https://images.igdb.com/igdb/image/upload/t_720p/c9ag4mo53iinossu2faj.jpg'),
(44, 10, 'https://images.igdb.com/igdb/image/upload/t_720p/d2dv4qdfvj6pw015p0fc.jpg'),
(45, 10, 'https://images.igdb.com/igdb/image/upload/t_720p/jpwbgdns3ugilx7ien5b.jpg'),
(46, 10, 'https://images.igdb.com/igdb/image/upload/t_720p/oip7cmbgte6udykwmwbp.jpg'),
(47, 11, 'https://images.igdb.com/igdb/image/upload/t_cover_big/co2xds.jpg'),
(48, 11, 'https://images.igdb.com/igdb/image/upload/t_720p/sc98c3.jpg'),
(49, 11, 'https://images.igdb.com/igdb/image/upload/t_720p/sc98c4.jpg'),
(50, 11, 'https://images.igdb.com/igdb/image/upload/t_720p/sc98c5.jpg'),
(51, 12, 'https://images.igdb.com/igdb/image/upload/t_cover_big/co78y5.jpg'),
(52, 12, 'https://images.igdb.com/igdb/image/upload/t_720p/sce765.jpg'),
(53, 12, 'https://images.igdb.com/igdb/image/upload/t_720p/sce767.jpg'),
(54, 12, 'https://images.igdb.com/igdb/image/upload/t_720p/sce768.jpg'),
(55, 12, 'https://images.igdb.com/igdb/image/upload/t_720p/sce76a.jpg'),
(56, 13, 'https://images.igdb.com/igdb/image/upload/t_cover_big/co6lvx.jpg'),
(57, 13, 'https://images.igdb.com/igdb/image/upload/t_720p/scmwgp.jpg'),
(58, 13, 'https://images.igdb.com/igdb/image/upload/t_720p/scmwgs.jpg'),
(59, 13, 'https://images.igdb.com/igdb/image/upload/t_720p/scmwgn.jpg'),
(60, 13, 'https://images.igdb.com/igdb/image/upload/t_720p/scmwgo.jpg'),
(61, 13, 'https://images.igdb.com/igdb/image/upload/t_720p/scmwgr.jpg'),
(62, 13, 'https://images.igdb.com/igdb/image/upload/t_720p/scmwgm.jpg'),
(63, 14, 'https://images.igdb.com/igdb/image/upload/t_cover_big/co7f7k.jpg'),
(64, 14, 'https://images.igdb.com/igdb/image/upload/t_720p/scpowf.jpg'),
(65, 14, 'https://images.igdb.com/igdb/image/upload/t_720p/scpowg.jpg'),
(66, 14, 'https://images.igdb.com/igdb/image/upload/t_720p/scpowh.jpg'),
(67, 14, 'https://images.igdb.com/igdb/image/upload/t_720p/scpowi.jpg'),
(68, 15, 'https://images.igdb.com/igdb/image/upload/t_cover_big/co29t9.jpg'),
(69, 15, 'https://images.igdb.com/igdb/image/upload/t_720p/sc8bzb.jpg'),
(70, 15, 'https://images.igdb.com/igdb/image/upload/t_720p/sc8bzd.jpg'),
(71, 15, 'https://images.igdb.com/igdb/image/upload/t_720p/sc8bzc.jpg'),
(72, 16, 'https://images.igdb.com/igdb/image/upload/t_cover_big/co4l46.jpg'),
(73, 16, 'https://images.igdb.com/igdb/image/upload/t_720p/scg9le.jpg'),
(74, 16, 'https://images.igdb.com/igdb/image/upload/t_720p/scg9lf.jpg'),
(75, 17, 'https://images.igdb.com/igdb/image/upload/t_cover_big/co9op2.jpg'),
(76, 17, 'https://images.igdb.com/igdb/image/upload/t_720p/scwbhd.jpg'),
(77, 17, 'https://images.igdb.com/igdb/image/upload/t_720p/scwbhj.jpg'),
(78, 17, 'https://images.igdb.com/igdb/image/upload/t_720p/scwbhp.jpg'),
(79, 17, 'https://images.igdb.com/igdb/image/upload/t_720p/scwbht.jpg'),
(80, 17, 'https://images.igdb.com/igdb/image/upload/t_720p/scwbhz.jpg'),
(81, 18, 'https://images.igdb.com/igdb/image/upload/t_cover_big/co7d6t.jpg'),
(82, 18, 'https://images.igdb.com/igdb/image/upload/t_720p/scp9fz.jpg'),
(83, 18, 'https://images.igdb.com/igdb/image/upload/t_720p/co7d6t_1.jpg'),
(84, 19, 'https://images.igdb.com/igdb/image/upload/t_cover_big/co2q64.jpg'),
(85, 19, 'https://images.igdb.com/igdb/image/upload/t_720p/co2q64_1.jpg'),
(86, 19, 'https://images.igdb.com/igdb/image/upload/t_720p/co2q64_2.jpg'),
(87, 21, 'https://images.igdb.com/igdb/image/upload/t_cover_big/co69zn.jpg'),
(88, 21, 'https://images.igdb.com/igdb/image/upload/t_720p/scm75g.jpg'),
(89, 21, 'https://images.igdb.com/igdb/image/upload/t_720p/scm75h.jpg'),
(90, 21, 'https://images.igdb.com/igdb/image/upload/t_720p/scm75i.jpg'),
(91, 22, 'https://images.igdb.com/igdb/image/upload/t_cover_big/co4s6n.jpg'),
(92, 22, 'https://images.igdb.com/igdb/image/upload/t_720p/scgqi4.jpg'),
(93, 22, 'https://images.igdb.com/igdb/image/upload/t_720p/scgqi5.jpg'),
(94, 22, 'https://images.igdb.com/igdb/image/upload/t_720p/scgqi6.jpg'),
(95, 22, 'https://images.igdb.com/igdb/image/upload/t_720p/scgqi7.jpg'),
(96, 23, 'https://images.igdb.com/igdb/image/upload/t_cover_big/co9ofe.jpg'),
(97, 23, 'https://images.igdb.com/igdb/image/upload/t_720p/scwand.jpg'),
(98, 23, 'https://images.igdb.com/igdb/image/upload/t_720p/scwane.jpg'),
(99, 23, 'https://images.igdb.com/igdb/image/upload/t_720p/scwanf.jpg'),
(100, 23, 'https://images.igdb.com/igdb/image/upload/t_720p/scwang.jpg'),
(101, 23, 'https://images.igdb.com/igdb/image/upload/t_720p/scwan9.jpg'),
(102, 23, 'https://images.igdb.com/igdb/image/upload/t_720p/scwana.jpg'),
(103, 24, 'https://images.igdb.com/igdb/image/upload/t_cover_big/co7uvf.jpg'),
(104, 24, 'https://images.igdb.com/igdb/image/upload/t_720p/scqyzi.jpg'),
(105, 24, 'https://images.igdb.com/igdb/image/upload/t_720p/scqyzj.jpg'),
(106, 24, 'https://images.igdb.com/igdb/image/upload/t_720p/scqyzk.jpg'),
(107, 24, 'https://images.igdb.com/igdb/image/upload/t_720p/scqyzl.jpg'),
(108, 24, 'https://images.igdb.com/igdb/image/upload/t_720p/scqyzm.jpg'),
(109, 24, 'https://images.igdb.com/igdb/image/upload/t_720p/scqyzg.jpg'),
(110, 25, 'https://images.igdb.com/igdb/image/upload/t_cover_big/co4280.jpg'),
(111, 25, 'https://images.igdb.com/igdb/image/upload/t_720p/xxhwa0x7wbybaprgm7zz.jpg'),
(112, 25, 'https://images.igdb.com/igdb/image/upload/t_720p/ihwqjvqlmqrdhk9gcs5k.jpg'),
(113, 25, 'https://images.igdb.com/igdb/image/upload/t_720p/qnbivlafial6arn9cf4o.jpg'),
(114, 25, 'https://images.igdb.com/igdb/image/upload/t_720p/j5ttfldsar0t3ti51hms.jpg'),
(115, 25, 'https://images.igdb.com/igdb/image/upload/t_720p/k5shtnjpkbvhroksmujd.jpg'),
(116, 26, 'https://images.igdb.com/igdb/image/upload/t_cover_big/co9lhj.jpg'),
(117, 26, 'https://images.igdb.com/igdb/image/upload/t_720p/scvzrb.jpg'),
(118, 26, 'https://images.igdb.com/igdb/image/upload/t_720p/scvzrc.jpg'),
(119, 26, 'https://images.igdb.com/igdb/image/upload/t_720p/scvzrd.jpg'),
(120, 26, 'https://images.igdb.com/igdb/image/upload/t_720p/scvzrf.jpg'),
(121, 26, 'https://images.igdb.com/igdb/image/upload/t_720p/scvzra.jpg'),
(122, 26, 'https://images.igdb.com/igdb/image/upload/t_720p/scvzre.jpg'),
(123, 27, 'https://images.igdb.com/igdb/image/upload/t_cover_big/co20mf.jpg'),
(124, 27, 'https://images.igdb.com/igdb/image/upload/t_720p/co20mf_1.jpg'),
(125, 27, 'https://images.igdb.com/igdb/image/upload/t_720p/co20mf_2.jpg'),
(126, 28, 'https://images.igdb.com/igdb/image/upload/t_cover_big/co7185.jpg'),
(127, 28, 'https://images.igdb.com/igdb/image/upload/t_720p/scnsb9.jpg'),
(128, 28, 'https://images.igdb.com/igdb/image/upload/t_720p/scnsba.jpg'),
(129, 28, 'https://images.igdb.com/igdb/image/upload/t_720p/scnsbb.jpg'),
(130, 28, 'https://images.igdb.com/igdb/image/upload/t_720p/scnsbc.jpg'),
(131, 31, 'https://images.igdb.com/igdb/image/upload/t_cover_big/co1pwh.jpg'),
(132, 31, 'https://images.igdb.com/igdb/image/upload/t_720p/sce5qo.jpg'),
(133, 31, 'https://images.igdb.com/igdb/image/upload/t_720p/sce5qp.jpg'),
(134, 31, 'https://images.igdb.com/igdb/image/upload/t_720p/sce5qq.jpg'),
(135, 31, 'https://images.igdb.com/igdb/image/upload/t_720p/sce5qr.jpg'),
(136, 31, 'https://images.igdb.com/igdb/image/upload/t_720p/sce5qs.jpg'),
(137, 31, 'https://images.igdb.com/igdb/image/upload/t_720p/sce5qt.jpg'),
(138, 32, 'https://images.igdb.com/igdb/image/upload/t_cover_big/co6owy.jpg'),
(139, 32, 'https://images.igdb.com/igdb/image/upload/t_720p/scn6lg.jpg'),
(140, 32, 'https://images.igdb.com/igdb/image/upload/t_720p/scn6lh.jpg'),
(141, 32, 'https://images.igdb.com/igdb/image/upload/t_720p/scn6li.jpg'),
(142, 32, 'https://images.igdb.com/igdb/image/upload/t_720p/scn6lj.jpg'),
(143, 32, 'https://images.igdb.com/igdb/image/upload/t_720p/scn6lk.jpg'),
(144, 33, 'https://images.igdb.com/igdb/image/upload/t_cover_big/co3c7g.jpg'),
(145, 33, 'https://images.igdb.com/igdb/image/upload/t_720p/sc6z2w.jpg'),
(146, 33, 'https://images.igdb.com/igdb/image/upload/t_720p/sc6z2x.jpg'),
(147, 33, 'https://images.igdb.com/igdb/image/upload/t_720p/sc6z2y.jpg'),
(148, 34, 'https://images.igdb.com/igdb/image/upload/t_cover_big/co9rrw.jpg'),
(149, 34, 'https://images.igdb.com/igdb/image/upload/t_720p/scwpo6.jpg'),
(150, 34, 'https://images.igdb.com/igdb/image/upload/t_720p/scwpo7.jpg'),
(151, 34, 'https://images.igdb.com/igdb/image/upload/t_720p/scwpo8.jpg'),
(152, 35, 'https://images.igdb.com/igdb/image/upload/t_cover_big/co3irb.jpg'),
(153, 35, 'https://images.igdb.com/igdb/image/upload/t_720p/x0c1z0bjy9ygcbjszm1q.jpg'),
(154, 35, 'https://images.igdb.com/igdb/image/upload/t_720p/sccb3w.jpg'),
(155, 35, 'https://images.igdb.com/igdb/image/upload/t_720p/sccb3x.jpg'),
(156, 35, 'https://images.igdb.com/igdb/image/upload/t_720p/sccb3y.jpg'),
(157, 35, 'https://images.igdb.com/igdb/image/upload/t_720p/sccb3z.jpg'),
(158, 35, 'https://images.igdb.com/igdb/image/upload/t_720p/sccb40.jpg'),
(159, 36, 'https://images.igdb.com/igdb/image/upload/t_720p/scjrsm.jpg'),
(160, 36, 'https://images.igdb.com/igdb/image/upload/t_720p/scjrsn.jpg'),
(161, 36, 'https://images.igdb.com/igdb/image/upload/t_720p/scjrsp.jpg'),
(162, 36, 'https://images.igdb.com/igdb/image/upload/t_720p/scjrss.jpg'),
(163, 36, 'https://images.igdb.com/igdb/image/upload/t_720p/scjrsq.jpg'),
(164, 36, 'https://images.igdb.com/igdb/image/upload/t_720p/scjrsv.jpg'),
(165, 37, 'https://images.igdb.com/igdb/image/upload/t_cover_big/co26en.jpg'),
(166, 37, 'https://images.igdb.com/igdb/image/upload/t_720p/vnaz5cl6lbfihz66nzqa.jpg'),
(167, 37, 'https://images.igdb.com/igdb/image/upload/t_720p/fyztmlahv4459jcjjpmo.jpg'),
(168, 37, 'https://images.igdb.com/igdb/image/upload/t_720p/phpnsxo6l0xdqym0wspo.jpg'),
(169, 37, 'https://images.igdb.com/igdb/image/upload/t_720p/tb9uq12ohsdamd2fg1il.jpg'),
(170, 37, 'https://images.igdb.com/igdb/image/upload/t_720p/bjvivkhqxahk9tgyjrij.jpg'),
(171, 38, 'https://images.igdb.com/igdb/image/upload/t_cover_big/co9u9o.jpg'),
(172, 38, 'https://images.igdb.com/igdb/image/upload/t_720p/sci3qo.jpg'),
(173, 38, 'https://images.igdb.com/igdb/image/upload/t_720p/sci3qp.jpg'),
(174, 38, 'https://images.igdb.com/igdb/image/upload/t_720p/sci3qq.jpg'),
(175, 38, 'https://images.igdb.com/igdb/image/upload/t_720p/sci3qr.jpg'),
(176, 38, 'https://images.igdb.com/igdb/image/upload/t_720p/sci3qs.jpg'),
(177, 38, 'https://images.igdb.com/igdb/image/upload/t_720p/sci3qt.jpg'),
(178, 43, 'https://images.igdb.com/igdb/image/upload/t_cover_big/co78y5.jpg'),
(179, 43, 'https://images.igdb.com/igdb/image/upload/t_720p/sce765.jpg'),
(180, 43, 'https://images.igdb.com/igdb/image/upload/t_720p/sce767.jpg'),
(181, 43, 'https://images.igdb.com/igdb/image/upload/t_720p/sce768.jpg'),
(182, 43, 'https://images.igdb.com/igdb/image/upload/t_720p/sce76a.jpg'),
(183, 44, 'https://images.igdb.com/igdb/image/upload/t_cover_big/co7mjq.jpg'),
(184, 44, 'https://images.igdb.com/igdb/image/upload/t_720p/scfmxp.jpg'),
(185, 44, 'https://images.igdb.com/igdb/image/upload/t_720p/scfmxv.jpg'),
(186, 44, 'https://images.igdb.com/igdb/image/upload/t_720p/scfmy0.jpg'),
(187, 44, 'https://images.igdb.com/igdb/image/upload/t_720p/scfmy4.jpg'),
(188, 44, 'https://images.igdb.com/igdb/image/upload/t_720p/scfmy7.jpg'),
(189, 44, 'https://images.igdb.com/igdb/image/upload/t_720p/scfmyc.jpg'),
(190, 45, 'https://images.igdb.com/igdb/image/upload/t_cover_big/co7hmm.jpg'),
(191, 45, 'https://images.igdb.com/igdb/image/upload/t_720p/scnmtm.jpg'),
(192, 45, 'https://images.igdb.com/igdb/image/upload/t_720p/scnmto.jpg'),
(193, 45, 'https://images.igdb.com/igdb/image/upload/t_720p/scnmtr.jpg'),
(194, 45, 'https://images.igdb.com/igdb/image/upload/t_720p/scnmtu.jpg'),
(195, 45, 'https://images.igdb.com/igdb/image/upload/t_720p/scnmtw.jpg'),
(196, 46, 'https://images.igdb.com/igdb/image/upload/t_cover_big/co9oo8.jpg'),
(197, 46, 'https://images.igdb.com/igdb/image/upload/t_720p/co9oo8_1.jpg'),
(198, 46, 'https://images.igdb.com/igdb/image/upload/t_720p/co9oo8_2.jpg'),
(199, 47, 'https://images.igdb.com/igdb/image/upload/t_cover_big/co2yn1.jpg'),
(200, 47, 'https://images.igdb.com/igdb/image/upload/t_720p/sc9dtj.jpg'),
(201, 47, 'https://images.igdb.com/igdb/image/upload/t_720p/sc9dtk.jpg'),
(202, 47, 'https://images.igdb.com/igdb/image/upload/t_720p/sc9dtm.jpg'),
(203, 47, 'https://images.igdb.com/igdb/image/upload/t_720p/sc9dto.jpg'),
(204, 47, 'https://images.igdb.com/igdb/image/upload/t_720p/sc9dti.jpg'),
(205, 47, 'https://images.igdb.com/igdb/image/upload/t_720p/sc9dtl.jpg'),
(206, 48, 'https://images.igdb.com/igdb/image/upload/t_cover_big/co48ec.jpg'),
(207, 48, 'https://images.igdb.com/igdb/image/upload/t_720p/scep4p.jpg'),
(208, 48, 'https://images.igdb.com/igdb/image/upload/t_720p/co48ec_1.jpg'),
(210, 49, 'https://images.igdb.com/igdb/image/upload/t_cover_big/co38tl.jpg'),
(211, 49, 'https://images.igdb.com/igdb/image/upload/t_720p/sc9lxu.jpg'),
(212, 49, 'https://images.igdb.com/igdb/image/upload/t_720p/sc9lxq.jpg'),
(213, 49, 'https://images.igdb.com/igdb/image/upload/t_720p/sc9lxy.jpg'),
(214, 49, 'https://images.igdb.com/igdb/image/upload/t_720p/sc9lxs.jpg'),
(215, 49, 'https://images.igdb.com/igdb/image/upload/t_720p/sc9lxw.jpg'),
(216, 50, 'https://images.igdb.com/igdb/image/upload/t_cover_big/co5pew.jpg'),
(217, 50, 'https://images.igdb.com/igdb/image/upload/t_720p/scb1tk.jpg'),
(218, 50, 'https://images.igdb.com/igdb/image/upload/t_720p/scb1tm.jpg'),
(219, 50, 'https://images.igdb.com/igdb/image/upload/t_720p/scb1to.jpg'),
(220, 50, 'https://images.igdb.com/igdb/image/upload/t_720p/scb1tr.jpg'),
(221, 50, 'https://images.igdb.com/igdb/image/upload/t_720p/scb1tt.jpg'),
(286, 16, 'https://images.igdb.com/igdb/image/upload/t_720p/scg9lg.jpg'),
(287, 18, 'https://images.igdb.com/igdb/image/upload/t_720p/co7d6t_2.jpg'),
(288, 20, 'https://images.igdb.com/igdb/image/upload/t_cover_big/co4s6n.jpg'),
(289, 20, 'https://images.igdb.com/igdb/image/upload/t_720p/scgqi4.jpg'),
(290, 20, 'https://images.igdb.com/igdb/image/upload/t_720p/scgqi5.jpg'),
(291, 20, 'https://images.igdb.com/igdb/image/upload/t_720p/scgqi6.jpg'),
(292, 29, 'https://images.igdb.com/igdb/image/upload/t_cover_big/co4s6n.jpg'),
(293, 29, 'https://images.igdb.com/igdb/image/upload/t_720p/scgqi4.jpg'),
(294, 29, 'https://images.igdb.com/igdb/image/upload/t_720p/scgqi5.jpg'),
(295, 30, 'https://images.igdb.com/igdb/image/upload/t_cover_big/co4s6n.jpg'),
(296, 30, 'https://images.igdb.com/igdb/image/upload/t_720p/scgqi4.jpg'),
(297, 30, 'https://images.igdb.com/igdb/image/upload/t_720p/scgqi5.jpg'),
(298, 39, 'https://images.igdb.com/igdb/image/upload/t_cover_big/co4s6n.jpg'),
(299, 39, 'https://images.igdb.com/igdb/image/upload/t_720p/scgqi4.jpg'),
(300, 39, 'https://images.igdb.com/igdb/image/upload/t_720p/scgqi5.jpg'),
(301, 40, 'https://images.igdb.com/igdb/image/upload/t_cover_big/co4s6n.jpg'),
(302, 40, 'https://images.igdb.com/igdb/image/upload/t_720p/scgqi4.jpg'),
(303, 40, 'https://images.igdb.com/igdb/image/upload/t_720p/scgqi5.jpg'),
(304, 41, 'https://images.igdb.com/igdb/image/upload/t_cover_big/co4s6n.jpg'),
(305, 41, 'https://images.igdb.com/igdb/image/upload/t_720p/scgqi4.jpg'),
(306, 41, 'https://images.igdb.com/igdb/image/upload/t_720p/scgqi5.jpg'),
(307, 42, 'https://images.igdb.com/igdb/image/upload/t_cover_big/co4s6n.jpg'),
(308, 42, 'https://images.igdb.com/igdb/image/upload/t_720p/scgqi4.jpg'),
(309, 42, 'https://images.igdb.com/igdb/image/upload/t_720p/scgqi5.jpg'),
(310, 48, 'https://images.igdb.com/igdb/image/upload/t_cover_big/co4s6n.jpg'),
(311, 48, 'https://images.igdb.com/igdb/image/upload/t_720p/scgqi4.jpg'),
(312, 48, 'https://images.igdb.com/igdb/image/upload/t_720p/scgqi5.jpg');

-- --------------------------------------------------------

--
-- Estructura de tabla para la tabla `listing_tags`
--



--
-- Volcado de datos para la tabla `listing_tags`
--

INSERT INTO listing_tags (listing_id, tag) VALUES
(1, 'Action'), (1, 'Adventure'), (1, 'RPG'), (1, 'Open World'), (1, 'Fantasy'), (1, 'Multiplayer'),
(2, 'Strategy'), (2, 'Turn-based'), (2, 'RPG'), (2, 'Fantasy'), (2, 'Tactical'), (2, 'Story Rich'), (2, 'Medieval'),
(3, 'Racing'), (3, 'Sports'), (3, 'Multiplayer'), (3, 'Arcade'), (3, 'Fast-paced'), (3, 'Competitive'), (3, 'Physics'),
(4, 'Puzzle'), (4, 'Casual'), (4, 'Relaxing'), (4, 'Family Friendly'), (4, '2D'), (4, 'Colorful'),
(5, 'Horror'), (5, 'Survival'), (5, 'First-person'), (5, 'Atmospheric'), (5, 'Dark'), (5, 'Mystery'), (5, 'Psychological'),
(6, 'Platformer'), (6, 'Indie'), (6, 'Retro'), (6, 'Pixel Art'), (6, 'Difficult'), (6, 'Side Scroller'),
(7, 'Simulation'), (7, 'Management'), (7, 'Building'), (7, 'Economy'), (7, 'Sandbox'), (7, 'Strategy'), (7, 'Resource Management'),
(8, 'Fighting'), (8, 'Action'), (8, 'Martial Arts'), (8, 'PvP'), (8, 'Competitive'), (8, 'Combat'), (8, 'Arcade'),
(9, 'Sports'), (9, 'Team-based'), (9, 'Multiplayer'), (9, 'Competition'), (9, 'Physics'), (9, 'Realistic'),
(10, 'Adventure'), (10, 'Story Rich'), (10, 'Exploration'), (10, 'Mystery'), (10, 'Atmospheric'), (10, 'Single-player'), (10, 'Puzzle'),
(11, 'Action'), (11, 'Shooter'), (11, 'FPS'), (11, 'Multiplayer'), (11, 'Military'), (11, 'Tactical'), (11, 'Modern'),
(12, 'Racing'), (12, 'Arcade'), (12, 'Multiplayer'), (12, 'Fast-paced'), (12, 'Sports'), (12, 'Competitive'),
(13, 'Adventure'), (13, 'Puzzle'), (13, 'Story Rich'), (13, 'Atmospheric'), (13, 'Mystery'), (13, 'Single-player'), (13, 'Indie'),
(14, 'Fighting'), (14, 'Action'), (14, 'Arcade'), (14, 'PvP'), (14, 'Competitive'), (14, 'Classic'), (14, 'Retro'),
(15, 'Strategy'), (15, 'Cyberpunk'), (15, 'Hacking'), (15, 'Story Rich'), (15, 'Stealth'), (15, 'Single-player'),
(16, 'RPG'), (16, 'Fantasy'), (16, 'Open World'), (16, 'Action'), (16, 'Adventure'), (16, 'Magic'), (16, 'Exploration'),
(17, 'Action'), (17, 'Stealth'), (17, 'Assassin'), (17, 'Third-person'), (17, 'Single-player'), (17, 'Story Rich'),
(18, 'Horror'), (18, 'Survival'), (18, 'Psychological'), (18, 'Dark'), (18, 'Atmospheric'), (18, 'Mystery'), (18, 'Gore'),
(19, 'Platformer'), (19, '2D'), (19, 'Indie'), (19, 'Pixel Art'), (19, 'Retro'), (19, 'Difficult'),
(20, 'Strategy'), (20, 'Management'), (20, 'City Builder'), (20, 'Simulation'), (20, 'Economy'), (20, 'Sandbox'),
(21, 'Sports'), (21, 'Simulation'), (21, 'Management'), (21, 'Strategy'), (21, 'Team-based'), (21, 'Realistic'),
(22, 'Platformer'), (22, 'Classic'), (22, 'Retro'), (22, 'Nintendo'), (22, 'Family Friendly'), (22, 'Mod'), (22, 'Casual'),
(23, 'Action'), (23, 'Fast-paced'), (23, 'Arcade'), (23, 'Score Attack'), (23, 'Colorful'), (23, 'Casual'),
(24, 'RPG'), (24, 'Action'), (24, 'Dungeon Crawler'), (24, 'Roguelite'), (24, 'Fantasy'), (24, 'Procedural'), (24, 'Loot'),
(25, 'Puzzle'), (25, 'Adventure'), (25, 'Ghost'), (25, 'Casual'), (25, 'Family Friendly'), (25, 'Cute'), (25, '2D'),
(26, 'Action'), (26, 'Adventure'), (26, 'Open World'), (26, 'Exploration'), (26, 'Story Rich'), (26, 'Single-player'),
(27, 'Fighting'), (27, 'Classic'), (27, 'Arcade'), (27, 'Gore'), (27, 'Competitive'), (27, 'Collection'), (27, 'Retro'),
(28, 'Strategy'), (28, 'Turn-based'), (28, 'Tactical'), (28, 'Military'), (28, 'Historical'), (28, 'War'),
(29, 'Adventure'), (29, 'Visual Novel'), (29, 'Anime'), (29, 'Story Rich'), (29, 'Romance'), (29, 'Multiple Endings'),
(30, 'Sports'), (30, 'Soccer'), (30, 'Multiplayer'), (30, 'Competition'), (30, 'Team-based'), (30, 'Physics'),
(31, 'Action'), (31, 'Anime'), (31, 'Fighting'), (31, 'Ninja'), (31, 'Adventure'), (31, 'Story Rich'), (31, 'Mobile'),
(32, 'Visual Novel'), (32, 'Romance'), (32, 'Anime'), (32, 'Story Rich'), (32, 'Multiple Endings'), (32, 'Dating Sim'),
(33, 'Action'), (33, 'Shooter'), (33, 'Open World'), (33, 'Military'), (33, 'Tactical'), (33, 'Stealth'), (33, 'DLC'),
(34, 'Educational'), (34, 'Kids'), (34, 'Family Friendly'), (34, 'Casual'), (34, 'Colorful'), (34, 'Robots'),
(35, 'Puzzle'), (35, 'Platformer'), (35, 'Cute'), (35, 'Colorful'), (35, 'Family Friendly'), (35, 'PlayStation'),
(36, 'Action'), (36, 'Adventure'), (36, 'Open World'), (36, 'RPG'), (36, 'Fantasy'), (36, 'Story Rich'), (36, 'Magic'),
(37, 'RPG'), (37, 'Strategy'), (37, 'Turn-based'), (37, 'Fantasy'), (37, 'Dark Fantasy'), (37, 'Story Rich'),
(38, 'Adventure'), (38, 'Puzzle'), (38, 'Mystery'), (38, 'Story Rich'), (38, 'Atmospheric'), (38, 'Single-player'),
(39, 'Simulation'), (39, 'Casual'), (39, 'Education'), (39, 'Family Friendly'), (39, 'Funny'), (39, 'Management'),
(40, 'Action'), (40, 'RPG'), (40, 'Fantasy'), (40, 'Hack and Slash'), (40, 'Story Rich'), (40, 'Deluxe Edition'),
(41, 'Strategy'), (41, 'Turn-based'), (41, 'Tactical'), (41, 'RPG'), (41, 'Fantasy'), (41, 'Story Rich'), (41, 'Magic'),
(42, 'Adventure'), (42, 'Puzzle'), (42, 'Mystery'), (42, 'Story Rich'), (42, 'Point & Click'), (42, 'Detective'),
(43, 'Action'), (43, 'Adventure'), (43, 'Open World'), (43, 'Parkour'), (43, 'Story Rich'), (43, 'Single-player'),
(44, 'Adventure'), (44, 'Platformer'), (44, '2.5D'), (44, 'Atmospheric'), (44, 'Nature'), (44, 'Story Rich'),
(45, 'Adventure'), (45, 'Puzzle'), (45, 'Mystery'), (45, 'Operating System'), (45, 'Surreal'), (45, 'Story Rich'),
(46, 'Visual Novel'), (46, 'Anime'), (46, 'Romance'), (46, 'Story Rich'), (46, 'Multiple Endings'), (46, 'Adult'),
(47, 'Action'), (47, 'Adventure'), (47, 'Open World'), (47, 'Post-apocalyptic'), (47, 'Survival'), (47, 'Story Rich'),
(48, 'Strategy'), (48, 'Management'), (48, 'Building'), (48, 'City Builder'), (48, 'Economy'), (48, 'Sandbox'),
(49, 'Puzzle'), (49, 'Logic'), (49, '3D'), (49, 'Casual'), (49, 'Minimalist'), (49, 'Brain Training'),
(50, 'Simulation'), (50, 'Management'), (50, 'Dark Humor'), (50, 'Medieval'), (50, 'Story Rich'), (50, 'DLC'), (50, 'RPG');

-- --------------------------------------------------------

--
-- Estructura de tabla para la tabla `player`
--


--
-- Volcado de datos para la tabla `player`
--

INSERT INTO `player` (`id`, `user_id`, `user_name`, `score`, `destroyed_blocks`, `date_game`) VALUES
(1, 1, 'alex', 15000, 150, '2025-06-09 14:30:00'),
(2, 2, 'sophie', 12500, 125, '2025-06-09 15:15:00'),
(3, 3, 'daniel', 18000, 180, '2025-06-09 16:00:00'),
(4, 4, 'jordan', 13750, 137, '2025-06-09 16:45:00'),
(5, 5, 'taylor', 16250, 162, '2025-06-09 17:30:00'),
(6, 6, 'mia', 14500, 145, '2025-06-09 18:15:00'),
(7, 7, 'ethan', 17500, 175, '2025-06-09 19:00:00'),
(8, 8, 'grace', 11000, 110, '2025-06-09 19:45:00'),
(9, 9, 'olivia', 19500, 195, '2025-06-09 20:30:00'),
(10, 1, 'alex', 20000, 200, '2025-06-09 21:15:00');

-- --------------------------------------------------------

--
-- Estructura de tabla para la tabla `ratings`
--


--
-- Volcado de datos para la tabla `ratings`
--

INSERT INTO `ratings` (`id`, `rating`, `user_id`, `listing_id`) VALUES
(1, 4.5, 1, 1),
(2, 3.8, 2, 1),
(3, 5, 3, 1),
(4, 4.2, 4, 2),
(5, 3.5, 5, 2),
(6, 4.8, 6, 2),
(7, 3.9, 7, 3),
(8, 4.7, 8, 3),
(9, 4.1, 9, 3),
(10, 5, 1, 4),
(11, 4.4, 2, 4),
(12, 3.7, 3, 4),
(13, 4.9, 4, 5),
(14, 4.3, 5, 5),
(15, 4.6, 6, 5),
(16, 4.2, 7, 6),
(17, 3.8, 8, 7),
(18, 4.5, 9, 8),
(19, 4.7, 1, 9),
(20, 4.1, 2, 10),
(21, 4.4, 3, 1),
(22, 4.8, 4, 2),
(23, 3.9, 5, 3),
(24, 4.6, 6, 4),
(25, 4.3, 7, 5);

UPDATE `listings` SET `user_id` = 1 WHERE `user_name` = 'Alex Accounts';
UPDATE `listings` SET `user_id` = 3 WHERE `user_name` = 'henry';
UPDATE `listings` SET `user_id` = 6 WHERE `user_name` = 'grace';
UPDATE `listings` SET `user_id` = 7 WHERE `user_name` = 'ethan';
UPDATE `listings` SET `user_id` = 8 WHERE `user_name` = 'olivia';